gt_y,gt_z,id,x,y,z,speed_x,speed_y,speed_z
0,0.6,0,-1.5673596858978271,-0.2668249309062958,1.2045263051986694,-0.11332670599222183,1.0735104084014893,-0.15606087446212769
0,0.6,0,-1.5774879455566406,-0.15755949914455414,1.188912272453308,-0.044620171189308167,0.5558992624282837,-0.07811012119054794
0,0.6,0,-1.5599631071090698,-0.08154149353504181,1.2639365196228027,-0.07893556356430054,0.6731417179107666,0.04886583238840103
0,0.6,0,-1.547115445137024,0.027711836621165276,1.2940683364868164,-0.09207460284233093,0.7421424984931946,0.1156109869480133
0,0.6,0,-1.5654067993164062,0.08010579645633698,1.292534351348877,-0.12442685663700104,0.7338687181472778,0.12570849061012268
0,0.6,0,-1.5749059915542603,0.15602199733257294,1.302384853363037,-0.1326904147863388,0.7451393604278564,0.13780872523784637
0,0.6,0,-1.5745946168899536,0.2141188085079193,1.3188884258270264,-0.11844263225793839,0.7242621779441833,0.146275594830513
0,0.6,0,-1.5405993461608887,0.24592582881450653,1.33596932888031,-0.046663686633110046,0.6484202742576599,0.13569925725460052
0,0.6,0,-1.5120295286178589,0.27482208609580994,1.3396328687667847,0.012989070266485214,0.5789720416069031,0.109667107462883
0,0.6,0,-1.5104349851608276,0.3325223922729492,1.3508416414260864,0.00945042073726654,0.28751689195632935,0.05725419893860817
0,0.6,0,-1.5104349851608276,0.3325223922729492,1.3508416414260864,0.00472521036863327,0.14375844597816467,0.028627099469304085
0,0.6,0,-1.5104349851608276,0.3325223922729492,1.3508416414260864,0.002362605184316635,0.07187922298908234,0.014313549734652042
0,0.6,0,-1.5104349851608276,0.3325223922729492,1.3508416414260864,0.0,0.0,0.0
0,0.6,0,-1.5104349851608276,0.3325223922729492,1.3508416414260864,0.0,0.0,0.0
0,0.6,0,-1.5104349851608276,0.3325223922729492,1.3508416414260864,0.0,0.0,0.0
0,0.6,0,-1.5104349851608276,0.3325223922729492,1.3508416414260864,0.0,0.0,0.0
0,0.6,0,-1.5104349851608276,0.3325223922729492,1.3508416414260864,0.0,0.0,0.0
0,0.6,0,-1.5104349851608276,0.3325223922729492,1.3508416414260864,0.0,0.0,0.0
0,0.6,0,-1.5104349851608276,0.3325223922729492,1.3508416414260864,0.0,0.0,0.0
0,0.6,0,-1.5104349851608276,0.3325223922729492,1.3508416414260864,0.0,0.0,0.0
0,0.6,0,-1.5104349851608276,0.3325223922729492,1.3508416414260864,0.0,0.0,0.0
0,0.6,0,-1.5104349851608276,0.3325223922729492,1.3508416414260864,0.0,0.0,0.0
0,0.6,0,-1.5140109062194824,0.3345029652118683,1.3500173091888428,-0.007037551607936621,0.004939930979162455,0.0022506993263959885
0,0.6,0,-1.4985169172286987,0.3196157217025757,1.39207124710083,-0.0036899130791425705,-0.00184996472671628,0.06211687624454498
0,0.6,0,-1.4819293022155762,0.320113867521286,1.4362379312515259,0.0010399320162832737,0.0071539380587637424,0.12085175514221191
0,0.6,0,-1.4682713747024536,0.31567928194999695,1.4967695474624634,-0.007170204073190689,0.015158156864345074,0.20456534624099731
0,0.6,0,-1.451277494430542,0.3355112671852112,1.4997841119766235,0.019061338156461716,0.028012504801154137,0.18454311788082123
0,0.6,0,-1.4474717378616333,0.335279256105423,1.5237210988998413,0.01824210025370121,0.027812689542770386,0.2027522772550583
0,0.6,0,-1.45564603805542,0.326435923576355,1.5310524702072144,-0.0016710087656974792,0.020301425829529762,0.20998366177082062
0,0.6,0,-1.4854737520217896,0.34155401587486267,1.5118061304092407,-0.04401937127113342,0.03834249824285507,0.19134794175624847
0,0.6,0,-1.5164036750793457,0.3342980742454529,1.4787389039993286,-0.08730144798755646,0.031924039125442505,0.16103896498680115
0,0.6,0,-1.5263983011245728,0.3369182348251343,1.4792966842651367,-0.10473189502954483,0.03536595031619072,0.1634271889925003
0,0.6,0,-1.554885983467102,0.3160492181777954,1.465203046798706,-0.14006264507770538,0.015388362109661102,0.15012669563293457
0,0.6,0,-1.5656453371047974,0.3307175040245056,1.4718735218048096,-0.14997044205665588,0.03071741759777069,0.15326663851737976
0,0.6,0,-1.5811741352081299,0.33392590284347534,1.4876203536987305,-0.08030310273170471,0.016725042834877968,0.08083590120077133
0,0.6,0,-1.5701878070831299,0.3424704372882843,1.4405986070632935,-0.05606115609407425,0.02146555483341217,0.020169034600257874
0,0.6,0,-1.5517370700836182,0.35310128331184387,1.392552137374878,-0.007014952600002289,0.02360348589718342,-0.05510678142309189
0,0.6,0,-1.5050405263900757,0.3344438672065735,1.3733799457550049,0.06178904324769974,-0.0026797130703926086,-0.08869878947734833
0,0.6,0,-1.422808289527893,0.42484766244888306,1.278870940208435,0.16129496693611145,0.08339628577232361,-0.19717998802661896
0,0.6,0,-1.3717353343963623,0.47998809814453125,1.2287530899047852,0.19660325348377228,0.13938234746456146,-0.22874532639980316
0,0.6,0,-1.3174521923065186,0.48950982093811035,1.2109348773956299,0.23554567992687225,0.14728185534477234,-0.22263771295547485
0,0.6,0,-1.2517235279083252,0.5154829621315002,1.2269693613052368,0.29857000708580017,0.17242136597633362,-0.1822456568479538
0,0.6,0,-1.1966904401779175,0.5206723213195801,1.231276512145996,0.34280046820640564,0.17071624100208282,-0.15494966506958008
0,0.6,0,-1.1172707080841064,0.54924476146698,1.2446846961975098,0.4102320075035095,0.201051265001297,-0.10846298187971115
0,0.6,0,-1.0406662225723267,0.5561445951461792,1.2580469846725464,0.47155311703681946,0.19789810478687286,-0.0679796040058136
0,0.6,0,-0.981600821018219,0.5775587558746338,1.2557023763656616,0.5099905729293823,0.21032260358333588,-0.05987301468849182
0,0.6,0,-0.9148417115211487,0.5984852910041809,1.257577896118164,0.554244875907898,0.2207569032907486,-0.04611080884933472
0,0.6,0,-0.8521140813827515,0.64113450050354,1.2431782484054565,0.5883124470710754,0.2581082284450531,-0.056993819773197174
0,0.6,0,-0.7775910496711731,0.6564178466796875,1.2483792304992676,0.6336959004402161,0.2560650706291199,-0.04045335203409195
0,0.6,0,-0.6622541546821594,0.75019770860672,1.2263364791870117,0.7293456196784973,0.34503087401390076,-0.06923775374889374
0,0.6,0,-0.5514599084854126,0.7906943559646606,1.2008051872253418,0.803261935710907,0.35639044642448425,-0.09831833839416504
0,0.6,0,-0.4501489996910095,0.830894410610199,1.1730518341064453,0.859122097492218,0.3691887855529785,-0.12664057314395905
0,0.6,0,-0.36938047409057617,0.8673871159553528,1.1478391885757446,0.8849758505821228,0.37565362453460693,-0.15323886275291443
0,0.6,0,-0.26817867159843445,0.9329704642295837,1.1402175426483154,0.9486622214317322,0.43729639053344727,-0.14451274275779724
0,0.6,0,-0.19014517962932587,1.005812168121338,1.1007698774337769,0.9634170532226562,0.4975309669971466,-0.1778363734483719
0,0.6,0,-0.16663730144500732,1.0544254779815674,1.068895936012268,0.8971254229545593,0.5232370495796204,-0.1980481743812561
0,0.6,0,-0.10653412342071533,1.0800546407699585,1.0759209394454956,0.8879511952400208,0.5145692229270935,-0.16998784244060516
0,0.6,0,-0.09333297610282898,1.1019682884216309,1.0710960626602173,0.8059478998184204,0.5040580630302429,-0.15284502506256104
0,0.6,0,-0.023294076323509216,1.1457138061523438,1.0622259378433228,0.8105552792549133,0.5144495368003845,-0.1470584273338318
0,0.6,0,0.058746498078107834,1.198012351989746,1.0473476648330688,0.41512808203697205,0.2657601535320282,-0.07525244355201721
0,0.6,0,0.058746498078107834,1.198012351989746,1.0473476648330688,0.20756404101848602,0.1328800767660141,-0.037626221776008606
0,0.6,0,0.058746498078107834,1.198012351989746,1.0473476648330688,0.10378202050924301,0.06644003838300705,-0.018813110888004303
0,0.6,0,0.058746498078107834,1.198012351989746,1.0473476648330688,0.0,0.0,0.0
0,0.6,0,0.058746498078107834,1.198012351989746,1.0473476648330688,0.0,0.0,0.0
0,0.6,0,0.058746498078107834,1.198012351989746,1.0473476648330688,0.0,0.0,0.0
0,0.6,0,0.058746498078107834,1.198012351989746,1.0473476648330688,0.0,0.0,0.0
0,0.6,0,0.058746498078107834,1.198012351989746,1.0473476648330688,0.0,0.0,0.0
0,0.6,0,0.058746498078107834,1.198012351989746,1.0473476648330688,0.0,0.0,0.0
0,0.6,0,0.058746498078107834,1.198012351989746,1.0473476648330688,0.0,0.0,0.0
0,0.6,0,0.014710724353790283,1.1980222463607788,1.075118064880371,-0.05357515811920166,0.016011808067560196,0.04096779227256775
0,0.6,0,0.009176119230687618,1.1997355222702026,1.0793914794921875,0.0,0.0,0.0
0,0.6,0,-0.049544524401426315,1.1796950101852417,1.1208240985870361,-0.07566333562135696,0.00010820478200912476,0.06583250313997269
0,0.6,0,-0.1139199435710907,1.168443202972412,1.1489168405532837,-0.15588274598121643,0.011801470071077347,0.11551062762737274
0,0.6,0,-0.21886220574378967,1.15188467502594,1.181846261024475,-0.2870331108570099,0.03504299744963646,0.18632245063781738
0,0.6,0,-0.26192644238471985,1.165801763534546,1.1953206062316895,-0.32770511507987976,0.07878893613815308,0.21944677829742432
0,0.6,0,-0.29985007643699646,1.183579444885254,1.2162449359893799,-0.3552357256412506,0.1105489581823349,0.24433209002017975
0,0.6,0,-0.351182222366333,1.2306729555130005,1.1884015798568726,-0.39862871170043945,0.17035841941833496,0.20164652168750763
0,0.6,0,-0.38767462968826294,1.250689148902893,1.1993316411972046,-0.4115077257156372,0.1844024509191513,0.20067575573921204
0,0.6,0,-0.41046658158302307,1.258570671081543,1.231359601020813,-0.3985149562358856,0.17726117372512817,0.2228957563638687
0,0.6,0,-0.4334394931793213,1.3067587614059448,1.226590633392334,-0.3895045816898346,0.2276020050048828,0.19986675679683685
0,0.6,0,-0.4554130733013153,1.3326772451400757,1.2501745223999023,-0.3763713836669922,0.24050123989582062,0.21099384129047394
0,0.6,0,-0.4641624689102173,1.4005683660507202,1.2331562042236328,-0.34283068776130676,0.2966082692146301,0.16111020743846893
0,0.6,0,-0.4280698597431183,1.4276087284088135,1.2709003686904907,-0.2458835393190384,0.2975677251815796,0.19054608047008514
0,0.6,0,-0.3840222954750061,1.475694179534912,1.2797825336456299,-0.14745628833770752,0.319784015417099,0.1774289608001709
0,0.6,0,-0.3693709075450897,1.5358757972717285,1.2736482620239258,-0.10051116347312927,0.3543081283569336,0.14429853856563568
0,0.6,0,-0.33848506212234497,1.5909706354141235,1.2925328016281128,-0.03710829094052315,0.38540104031562805,0.14998453855514526
0,0.6,0,-0.30109214782714844,1.5981361865997314,1.363013744354248,0.03021388128399849,0.36377063393592834,0.2215096354484558
0,0.6,0,-0.2635759711265564,1.6356500387191772,1.384333610534668,0.09243953227996826,0.3608981966972351,0.21556523442268372
0,0.6,0,-0.2559567391872406,1.6754646301269531,1.3903748989105225,0.10898811370134354,0.36163970828056335,0.19105607271194458
0,0.6,0,-0.2448236048221588,1.7109503746032715,1.4074152708053589,0.12738767266273499,0.36394405364990234,0.18655595183372498
0,0.6,0,-0.23203891515731812,1.7460092306137085,1.4273276329040527,0.14546611905097961,0.3665952682495117,0.1865655779838562
0,0.6,0,-0.21200865507125854,1.7825729846954346,1.4412729740142822,0.17042146623134613,0.36705905199050903,0.17793354392051697
0,0.6,0,-0.19464512169361115,1.8298115730285645,1.4568884372711182,0.18886058032512665,0.3834197223186493,0.17479203641414642
0,0.6,0,-0.19176417589187622,1.8816769123077393,1.4597970247268677,0.18770253658294678,0.39364171028137207,0.1512187272310257
0,0.6,0,-0.172098770737648,1.9213670492172241,1.4748235940933228,0.10280288755893707,0.20008036494255066,0.07465644925832748
0,0.6,0,-0.172098770737648,1.9213670492172241,1.4748235940933228,0.051401443779468536,0.10004018247127533,0.03732822462916374
0,0.6,0,-0.172098770737648,1.9213670492172241,1.4748235940933228,0.0,0.0,0.0
0,0.6,0,-0.172098770737648,1.9213670492172241,1.4748235940933228,0.0,0.0,0.0
0,0.6,0,-0.172098770737648,1.9213670492172241,1.4748235940933228,0.0,0.0,0.0
0,0.6,0,-0.172098770737648,1.9213670492172241,1.4748235940933228,0.0,0.0,0.0
1.2,1.2,8,-0.1416957974433899,0.7109217047691345,1.6268482208251953,0.022661637514829636,-0.06244181469082832,0.05108369141817093
1.2,1.2,8,-0.13145282864570618,0.67769455909729,1.5998759269714355,0.053936026990413666,-0.10594727098941803,-0.006366226822137833
1.2,1.2,8,-0.1105237528681755,0.6378390192985535,1.5789180994033813,0.08754318952560425,-0.15085572004318237,-0.04466995596885681
1.2,1.2,8,-0.1257442981004715,0.5307292938232422,1.5798951387405396,0.07341931015253067,-0.27437537908554077,-0.06396045535802841
1.2,1.2,8,-0.10941224545240402,0.47627735137939453,1.5763691663742065,0.09025070071220398,-0.3215116262435913,-0.07154103368520737
1.2,1.2,8,-0.025093689560890198,0.27844753861427307,1.6633046865463257,0.1807505190372467,-0.5316370129585266,0.06391510367393494
1.2,1.2,8,0.07058830559253693,0.18841633200645447,1.670957088470459,0.2836873233318329,-0.599539041519165,0.08259951323270798
1.2,1.2,8,0.1744600236415863,0.02638372778892517,1.6963062286376953,0.3930519223213196,-0.7506768703460693,0.13392029702663422
1.2,1.2,8,0.23185768723487854,-0.06123705208301544,1.701062798500061,0.4345569610595703,-0.7994847297668457,0.13631035387516022
1.2,1.2,8,0.3183269500732422,-0.15081898868083954,1.6804955005645752,0.5032686591148376,-0.8384358882904053,0.1102590560913086
1.2,1.2,8,0.4133645296096802,-0.24022513628005981,1.6387253999710083,0.5706953406333923,-0.8648772239685059,0.05627884715795517
1.2,1.2,8,0.5110572576522827,-0.31245794892311096,1.5983355045318604,0.634597659111023,-0.8689030408859253,0.007769022136926651
1.2,1.2,8,0.5838190317153931,-0.36593905091285706,1.5625923871994019,0.6558709740638733,-0.8425935506820679,-0.03730282559990883
1.2,1.2,8,0.6925309300422668,-0.400001585483551,1.5225281715393066,0.720233142375946,-0.7959800958633423,-0.08010251820087433
1.2,1.2,8,0.8021258115768433,-0.39433223009109497,1.4779056310653687,0.7705113291740417,-0.69667649269104,-0.12107820063829422
1.2,1.2,8,0.8767861127853394,-0.37485021352767944,1.4518636465072632,0.7737568020820618,-0.5920321941375732,-0.12873037159442902
1.2,1.2,8,0.9584128856658936,-0.3818131983280182,1.4288643598556519,0.8012123703956604,-0.5349469184875488,-0.1310608983039856
1.2,1.2,8,1.0459035634994507,-0.3890898823738098,1.400974154472351,0.8233585357666016,-0.4738115966320038,-0.14645330607891083
1.2,1.2,8,1.1412265300750732,-0.39957255125045776,1.3576425313949585,0.840184211730957,-0.41238969564437866,-0.18704336881637573
1.2,1.2,8,1.222335934638977,-0.4032714068889618,1.3276106119155884,0.8328647017478943,-0.34759312868118286,-0.20843443274497986
1.2,1.2,8,1.2986912727355957,-0.3982866108417511,1.3191745281219482,0.8300841450691223,-0.2826305031776428,-0.20205193758010864
1.2,1.2,8,1.3779429197311401,-0.402933269739151,1.3084723949432373,0.8338361978530884,-0.23655641078948975,-0.2021545171737671
1.2,1.2,8,1.4702388048171997,-0.35153481364250183,1.2769825458526611,0.8274940252304077,-0.111228346824646,-0.2283478081226349
1.2,1.2,8,1.5312557220458984,-0.33463937044143677,1.2727365493774414,0.7909399271011353,-0.05151208117604256,-0.21794739365577698
1.2,1.2,8,1.5791845321655273,-0.294982373714447,1.2916269302368164,0.7403004169464111,0.029093949124217033,-0.1777155101299286
1.2,1.2,8,1.6601542234420776,-0.2612292766571045,1.273625135421753,0.7460165023803711,0.09893347322940826,-0.1895594447851181
1.2,1.2,8,1.7559219598770142,-0.2327345758676529,1.2323381900787354,0.7383823394775391,0.1578194946050644,-0.24849745631217957
1.2,1.2,8,1.8214645385742188,-0.2143721878528595,1.2086821794509888,0.7130759954452515,0.19348694384098053,-0.2652224898338318
1.2,1.2,8,1.877936601638794,-0.19634436070919037,1.1942286491394043,0.6811185479164124,0.22334204614162445,-0.26761820912361145
1.2,1.2,8,1.9163793325424194,-0.18364477157592773,1.1983643770217896,0.616726815700531,0.24001768231391907,-0.25156503915786743
1.2,1.2,8,1.9565645456314087,-0.16955597698688507,1.2011752128601074,0.5684075355529785,0.25708675384521484,-0.23610952496528625
1.2,1.2,8,2.0058956146240234,-0.13365408778190613,1.1856989860534668,0.5353348851203918,0.2989189624786377,-0.24234721064567566
1.2,1.2,8,2.046473503112793,-0.11617761850357056,1.1790059804916382,0.4978518784046173,0.31428882479667664,-0.23692995309829712
1.2,1.2,8,2.0896880626678467,-0.08138293027877808,1.1642833948135376,0.46974149346351624,0.348090261220932,-0.23903898894786835
1.2,1.2,8,2.1356046199798584,-0.044940222054719925,1.139769196510315,0.22429567575454712,0.1903819441795349,-0.12562274932861328
1.2,1.2,8,2.1356046199798584,-0.044940222054719925,1.139769196510315,0.11214783787727356,0.09519097208976746,-0.06281137466430664
1.2,1.2,8,2.1356046199798584,-0.044940222054719925,1.139769196510315,0.05607391893863678,0.04759548604488373,-0.03140568733215332
1.2,1.2,8,2.1356046199798584,-0.044940222054719925,1.139769196510315,0.0,0.0,0.0
1.2,1.2,8,2.1356046199798584,-0.044940222054719925,1.139769196510315,0.0,0.0,0.0
1.2,1.2,8,2.1356046199798584,-0.044940222054719925,1.139769196510315,0.0,0.0,0.0
1.2,1.2,8,2.1356046199798584,-0.044940222054719925,1.139769196510315,0.0,0.0,0.0
1.2,1.2,8,2.1356046199798584,-0.044940222054719925,1.139769196510315,0.0,0.0,0.0
1.2,1.2,8,2.1356046199798584,-0.044940222054719925,1.139769196510315,0.0,0.0,0.0
1.2,1.2,8,2.1356046199798584,-0.044940222054719925,1.139769196510315,0.0,0.0,0.0
1.2,1.2,8,2.1356046199798584,-0.044940222054719925,1.139769196510315,0.0,0.0,0.0
1.2,1.2,8,2.1356046199798584,-0.044940222054719925,1.139769196510315,0.0,0.0,0.0
1.2,1.2,8,2.1356046199798584,-0.044940222054719925,1.139769196510315,0.0,0.0,0.0
1.2,1.2,8,2.1356046199798584,-0.044940222054719925,1.139769196510315,0.0,0.0,0.0
1.2,1.2,8,2.1356046199798584,-0.044940222054719925,1.139769196510315,0.0,0.0,0.0
1.2,1.2,8,2.1356046199798584,-0.044940222054719925,1.139769196510315,0.0,0.0,0.0
1.2,1.2,8,2.1356046199798584,-0.044940222054719925,1.139769196510315,0.0,0.0,0.0
1.2,1.2,8,2.1356046199798584,-0.044940222054719925,1.139769196510315,0.0,0.0,0.0
1.2,1.2,8,2.1356046199798584,-0.044940222054719925,1.139769196510315,0.0,0.0,0.0
1.2,1.2,8,2.1356046199798584,-0.044940222054719925,1.139769196510315,0.0,0.0,0.0
1.2,1.2,8,2.1356046199798584,-0.044940222054719925,1.139769196510315,0.0,0.0,0.0
1.2,1.2,8,2.1356046199798584,-0.044940222054719925,1.139769196510315,0.0,0.0,0.0
1.2,1.2,8,2.1356046199798584,-0.044940222054719925,1.139769196510315,0.0,0.0,0.0
1.2,1.2,8,2.1356046199798584,-0.044940222054719925,1.139769196510315,0.0,0.0,0.0
1.2,1.2,8,2.1356046199798584,-0.044940222054719925,1.139769196510315,0.0,0.0,0.0
1.2,1.2,8,2.1356046199798584,-0.044940222054719925,1.139769196510315,0.0,0.0,0.0
1.2,1.2,8,2.1356046199798584,-0.044940222054719925,1.139769196510315,0.0,0.0,0.0
1.2,1.2,8,2.1356046199798584,-0.044940222054719925,1.139769196510315,0.0,0.0,0.0
1.2,1.2,8,2.1356046199798584,-0.044940222054719925,1.139769196510315,0.0,0.0,0.0
1.2,1.2,8,2.1356046199798584,-0.044940222054719925,1.139769196510315,0.0,0.0,0.0
1.2,1.2,8,2.1356046199798584,-0.044940222054719925,1.139769196510315,0.0,0.0,0.0
1.2,1.2,8,2.1356046199798584,-0.044940222054719925,1.139769196510315,0.0,0.0,0.0
1.2,1.2,8,2.1356046199798584,-0.044940222054719925,1.139769196510315,0.0,0.0,0.0
1.2,1.2,8,2.1356046199798584,-0.044940222054719925,1.139769196510315,0.0,0.0,0.0
1.2,1.2,8,2.1356046199798584,-0.044940222054719925,1.139769196510315,0.0,0.0,0.0
1.2,1.2,8,2.1356046199798584,-0.044940222054719925,1.139769196510315,0.0,0.0,0.0
1.2,1.2,8,2.1356046199798584,-0.044940222054719925,1.139769196510315,0.0,0.0,0.0
1.2,1.2,8,2.109386682510376,-0.051444124430418015,1.1573951244354248,-0.052299678325653076,-0.012969575822353363,0.013393841683864594
1.2,1.2,8,2.06608510017395,-0.05588840693235397,1.1679171323776245,-0.14541083574295044,-0.025954384356737137,0.007162792608141899
1.2,1.2,8,2.005572557449341,-0.043719980865716934,1.1589174270629883,-0.2675539553165436,-0.020822109654545784,-0.028553415089845657
1.2,1.2,8,1.959476351737976,-0.05463560298085213,1.1771067380905151,-0.3287019729614258,-0.034720368683338165,-0.020568469539284706
1.2,1.2,8,1.912173867225647,-0.06629633903503418,1.212829351425171,-0.3860172629356384,-0.04804530367255211,0.004701403900980949
1.2,1.2,8,1.8581310510635376,-0.08896436542272568,1.242608904838562,-0.43844306468963623,-0.07148954272270203,0.02864309959113598
1.2,1.2,8,1.7881526947021484,-0.07545410096645355,1.3129959106445312,-0.4968489110469818,-0.0552242249250412,0.1069912314414978
1.2,1.2,8,1.759279489517212,-0.09588854014873505,1.2833900451660156,-0.5074570178985596,-0.07425259798765182,0.05773114413022995
1.2,1.2,8,1.7054963111877441,-0.16373921930789948,1.2946327924728394,-0.5390163660049438,-0.14854101836681366,0.06760673224925995
1.2,1.2,8,1.6466655731201172,-0.21346035599708557,1.3235657215118408,-0.579479992389679,-0.20072370767593384,0.09520195424556732
1.2,1.2,8,1.5703827142715454,-0.2402055710554123,1.3467261791229248,-0.6263782382011414,-0.22154109179973602,0.1224215179681778
1.2,1.2,8,1.4959617853164673,-0.24389056861400604,1.3644078969955444,-0.6732720732688904,-0.20684783160686493,0.12833820283412933
1.2,1.2,8,1.4200111627578735,-0.22515925765037537,1.3575935363769531,-0.7156891226768494,-0.1546286642551422,0.08253121376037598
1.2,1.2,8,1.3282321691513062,-0.2262682020664215,1.3767629861831665,-0.7598519921302795,-0.14682637155056,0.1272144317626953
1.2,1.2,8,1.2581870555877686,-0.23074178397655487,1.3634511232376099,-0.7579089403152466,-0.14565473794937134,0.13536688685417175
1.2,1.2,8,1.1617740392684937,-0.23026518523693085,1.3857754468917847,-0.8044054508209229,-0.13307331502437592,0.17454642057418823
1.2,1.2,8,1.0607211589813232,-0.2266969531774521,1.3949962854385376,-0.8474965691566467,-0.11167638003826141,0.17695240676403046
1.2,1.2,8,0.9464073777198792,-0.18302077054977417,1.417745590209961,-0.9074552655220032,-0.02954927831888199,0.1885029375553131
1.2,1.2,8,0.8496411442756653,-0.18555313348770142,1.411801815032959,-0.9262552261352539,-0.02862749621272087,0.18087273836135864
1.2,1.2,8,0.7622625231742859,-0.1783292591571808,1.4051474332809448,-0.9291374683380127,-0.013570894487202168,0.1743677705526352
1.2,1.2,8,0.6738777756690979,-0.15940244495868683,1.4026366472244263,-0.9338422417640686,0.01954725570976734,0.1634192168712616
1.2,1.2,8,0.583611786365509,-0.14938399195671082,1.3921459913253784,-0.9350244402885437,0.035393450409173965,0.1419529914855957
1.2,1.2,8,0.49286869168281555,-0.1391574591398239,1.383528232574463,-0.9385335445404053,0.05034366250038147,0.11942894756793976
1.2,1.2,8,0.4061788022518158,-0.09240469336509705,1.371070146560669,-0.9305102825164795,0.11881649494171143,0.09411386400461197
1.2,1.2,8,0.29351016879081726,-0.07862798124551773,1.3838127851486206,-0.9814328551292419,0.13341033458709717,0.12614792585372925
1.2,1.2,8,0.18834549188613892,-0.05650843307375908,1.400559902191162,-1.016929268836975,0.1579502522945404,0.13800391554832458
1.2,1.2,8,0.08536648005247116,-0.040077656507492065,1.414555549621582,-0.5213254690170288,0.08533261716365814,0.07095450162887573
1.2,1.2,8,0.08740903437137604,-0.0429624579846859,1.411757230758667,-0.5165473222732544,0.08081183582544327,0.0646258145570755
1.2,1.2,8,0.035775527358055115,-0.03489712253212929,1.418182373046875,-0.25806137919425964,0.04024742543697357,0.03193839639425278
0,1.2,0,-0.15213075280189514,2.1596035957336426,1.306774616241455,0.0,0.0,0.0
0,1.2,0,-0.15213075280189514,2.1596035957336426,1.306774616241455,0.0,0.0,0.0
0,1.2,0,-0.15213075280189514,2.1596035957336426,1.306774616241455,0.0,0.0,0.0
0,1.2,0,-0.15213075280189514,2.1596035957336426,1.306774616241455,0.0,0.0,0.0
0,1.2,0,-0.15213075280189514,2.1596035957336426,1.306774616241455,0.0,0.0,0.0
0,1.2,0,-0.15213075280189514,2.1596035957336426,1.306774616241455,0.0,0.0,0.0
0,1.2,0,-0.15213075280189514,2.1596035957336426,1.306774616241455,0.0,0.0,0.0
0,1.2,0,-0.15213075280189514,2.1596035957336426,1.306774616241455,0.0,0.0,0.0
0,1.2,0,-0.15213075280189514,2.1596035957336426,1.306774616241455,0.0,0.0,0.0
0,1.2,0,-0.15213075280189514,2.1596035957336426,1.306774616241455,0.0,0.0,0.0
0,1.2,0,-0.15213075280189514,2.1596035957336426,1.306774616241455,0.0,0.0,0.0
0,1.2,0,-0.15213075280189514,2.1596035957336426,1.306774616241455,0.0,0.0,0.0
0,1.2,0,-0.15213075280189514,2.1596035957336426,1.306774616241455,0.0,0.0,0.0
0,1.2,0,-0.15213075280189514,2.1596035957336426,1.306774616241455,0.0,0.0,0.0
0,1.2,0,-0.15213075280189514,2.1596035957336426,1.306774616241455,0.0,0.0,0.0
0,1.2,0,-0.15213075280189514,2.1596035957336426,1.306774616241455,0.0,0.0,0.0
0,1.2,0,-0.15213075280189514,2.1596035957336426,1.306774616241455,0.0,0.0,0.0
0,1.2,0,-0.15213075280189514,2.1596035957336426,1.306774616241455,0.0,0.0,0.0
0,1.2,0,-0.15213075280189514,2.1596035957336426,1.306774616241455,0.0,0.0,0.0
0,1.2,0,-0.15213075280189514,2.1596035957336426,1.306774616241455,0.0,0.0,0.0
0,1.2,0,-0.15213075280189514,2.1596035957336426,1.306774616241455,0.0,0.0,0.0
0,1.2,0,-0.15213075280189514,2.1596035957336426,1.306774616241455,0.0,0.0,0.0
0,1.2,0,-0.15213075280189514,2.1596035957336426,1.306774616241455,0.0,0.0,0.0
0,1.2,0,-0.15213075280189514,2.1596035957336426,1.306774616241455,0.0,0.0,0.0
0,1.2,0,-0.15213075280189514,2.1596035957336426,1.306774616241455,0.0,0.0,0.0
0,1.2,0,-0.15213075280189514,2.1596035957336426,1.306774616241455,0.0,0.0,0.0
0,1.2,0,-0.15213075280189514,2.1596035957336426,1.306774616241455,0.0,0.0,0.0
0,1.2,0,-0.15213075280189514,2.1596035957336426,1.306774616241455,0.0,0.0,0.0
0,1.2,0,-0.15213075280189514,2.1596035957336426,1.306774616241455,0.0,0.0,0.0
0,1.2,0,-0.15213075280189514,2.1596035957336426,1.306774616241455,0.0,0.0,0.0
0,1.2,0,-0.15213075280189514,2.1596035957336426,1.306774616241455,0.0,0.0,0.0
0,1.2,0,-0.15213075280189514,2.1596035957336426,1.306774616241455,0.0,0.0,0.0
0,1.2,0,-0.15213075280189514,2.1596035957336426,1.306774616241455,0.0,0.0,0.0
0,1.2,0,-0.15213075280189514,2.1596035957336426,1.306774616241455,0.0,0.0,0.0
0,1.2,0,-0.15213075280189514,2.1596035957336426,1.306774616241455,0.0,0.0,0.0
0,1.2,0,-0.15213075280189514,2.1596035957336426,1.306774616241455,0.0,0.0,0.0
0,1.2,0,-0.15213075280189514,2.1596035957336426,1.306774616241455,0.0,0.0,0.0
0,1.2,0,-0.15213075280189514,2.1596035957336426,1.306774616241455,0.0,0.0,0.0
0,1.2,0,-0.15213075280189514,2.1596035957336426,1.306774616241455,0.0,0.0,0.0
0,1.2,0,-0.15213075280189514,2.1596035957336426,1.306774616241455,0.0,0.0,0.0
0,1.2,0,-0.15213075280189514,2.1596035957336426,1.306774616241455,0.0,0.0,0.0
0,1.2,0,-0.15213075280189514,2.1596035957336426,1.306774616241455,0.0,0.0,0.0
0,1.2,0,-0.15213075280189514,2.1596035957336426,1.306774616241455,0.0,0.0,0.0
0,1.2,0,-0.15213075280189514,2.1596035957336426,1.306774616241455,0.0,0.0,0.0
0,1.2,0,-0.15213075280189514,2.1596035957336426,1.306774616241455,0.0,0.0,0.0
0,1.2,0,-0.15213075280189514,2.1596035957336426,1.306774616241455,0.0,0.0,0.0
0,1.2,0,-0.15213075280189514,2.1596035957336426,1.306774616241455,0.0,0.0,0.0
0,1.2,0,-0.15213075280189514,2.1596035957336426,1.306774616241455,0.0,0.0,0.0
0,1.2,0,-0.15213075280189514,2.1596035957336426,1.306774616241455,0.0,0.0,0.0
0,1.2,0,-0.15213075280189514,2.1596035957336426,1.306774616241455,0.0,0.0,0.0
0,1.2,0,-0.15213075280189514,2.1596035957336426,1.306774616241455,0.0,0.0,0.0
0,1.2,0,-0.15213075280189514,2.1596035957336426,1.306774616241455,0.0,0.0,0.0
0,1.2,0,-0.15213075280189514,2.1596035957336426,1.306774616241455,0.0,0.0,0.0
0,1.2,0,-0.15213075280189514,2.1596035957336426,1.306774616241455,0.0,0.0,0.0
0,1.2,0,-0.15213075280189514,2.1596035957336426,1.306774616241455,0.0,0.0,0.0
0,1.2,0,-0.15213075280189514,2.1596035957336426,1.306774616241455,0.0,0.0,0.0
0,1.2,0,-0.15213075280189514,2.1596035957336426,1.306774616241455,0.0,0.0,0.0
0,1.2,0,-0.15213075280189514,2.1596035957336426,1.306774616241455,0.0,0.0,0.0
0,1.2,0,-0.15213075280189514,2.1596035957336426,1.306774616241455,0.0,0.0,0.0
0,1.2,0,-0.15213075280189514,2.1596035957336426,1.306774616241455,0.0,0.0,0.0
0,1.2,0,-0.15213075280189514,2.1596035957336426,1.306774616241455,0.0,0.0,0.0
0,1.2,0,-0.15213075280189514,2.1596035957336426,1.306774616241455,0.0,0.0,0.0
0,1.2,0,-0.15213075280189514,2.1596035957336426,1.306774616241455,0.0,0.0,0.0
0,1.2,0,-0.15213075280189514,2.1596035957336426,1.306774616241455,0.0,0.0,0.0
0,1.2,0,-0.15213075280189514,2.1596035957336426,1.306774616241455,0.0,0.0,0.0
0,1.2,0,-0.15213075280189514,2.1596035957336426,1.306774616241455,0.0,0.0,0.0
0,1.2,0,-0.15213075280189514,2.1596035957336426,1.306774616241455,0.0,0.0,0.0
0,1.2,0,-0.15213075280189514,2.1596035957336426,1.306774616241455,0.0,0.0,0.0
0,1.2,0,-0.15213075280189514,2.1596035957336426,1.306774616241455,0.0,0.0,0.0
0,1.2,0,-0.15213075280189514,2.1596035957336426,1.306774616241455,0.0,0.0,0.0
0,1.2,0,-0.15213075280189514,2.1596035957336426,1.306774616241455,0.0,0.0,0.0
0,1.2,0,-0.15213075280189514,2.1596035957336426,1.306774616241455,0.0,0.0,0.0
0,1.2,0,-0.15213075280189514,2.1596035957336426,1.306774616241455,0.0,0.0,0.0
0,1.2,0,-0.15213075280189514,2.1596035957336426,1.306774616241455,0.0,0.0,0.0
0,1.2,0,-0.15213075280189514,2.1596035957336426,1.306774616241455,0.0,0.0,0.0
0,1.2,0,-0.15213075280189514,2.1596035957336426,1.306774616241455,0.0,0.0,0.0
0,1.2,0,-0.15213075280189514,2.1596035957336426,1.306774616241455,0.0,0.0,0.0
0,1.2,0,-0.15213075280189514,2.1596035957336426,1.306774616241455,0.0,0.0,0.0
0,1.2,0,-0.15213075280189514,2.1596035957336426,1.306774616241455,0.0,0.0,0.0
0,1.2,0,-0.15213075280189514,2.1596035957336426,1.306774616241455,0.0,0.0,0.0
0,1.2,0,-0.15213075280189514,2.1596035957336426,1.306774616241455,0.0,0.0,0.0
0,1.2,0,-0.15213075280189514,2.1596035957336426,1.306774616241455,0.0,0.0,0.0
0,1.2,0,-0.15213075280189514,2.1596035957336426,1.306774616241455,0.0,0.0,0.0
0,1.2,0,-0.15213075280189514,2.1596035957336426,1.306774616241455,0.0,0.0,0.0
0,1.2,0,-0.15213075280189514,2.1596035957336426,1.306774616241455,0.0,0.0,0.0
0,1.2,0,-0.15213075280189514,2.1596035957336426,1.306774616241455,0.0,0.0,0.0
0,1.2,0,-0.15213075280189514,2.1596035957336426,1.306774616241455,0.0,0.0,0.0
0,1.2,0,-0.15213075280189514,2.1596035957336426,1.306774616241455,0.0,0.0,0.0
0,1.2,0,-0.15213075280189514,2.1596035957336426,1.306774616241455,0.0,0.0,0.0
0,1.2,0,-0.15213075280189514,2.1596035957336426,1.306774616241455,0.0,0.0,0.0
0,1.2,0,-0.15213075280189514,2.1596035957336426,1.306774616241455,0.0,0.0,0.0
0,1.2,0,-0.15213075280189514,2.1596035957336426,1.306774616241455,0.0,0.0,0.0
0,1.2,0,-0.15213075280189514,2.1596035957336426,1.306774616241455,0.0,0.0,0.0
0,1.2,0,-0.15213075280189514,2.1596035957336426,1.306774616241455,0.0,0.0,0.0
0,1.2,0,-0.15213075280189514,2.1596035957336426,1.306774616241455,0.0,0.0,0.0
0,1.2,0,-0.15213075280189514,2.1596035957336426,1.306774616241455,0.0,0.0,0.0
0,1.2,0,-0.15213075280189514,2.1596035957336426,1.306774616241455,0.0,0.0,0.0
0,1.2,0,-0.15213075280189514,2.1596035957336426,1.306774616241455,0.0,0.0,0.0
0,1.2,0,-0.15213075280189514,2.1596035957336426,1.306774616241455,0.0,0.0,0.0
0,1.2,0,-0.15213075280189514,2.1596035957336426,1.306774616241455,0.0,0.0,0.0
-1.2,1.2,0,0.010731551796197891,2.311302661895752,1.384320616722107,0.0,0.0,0.0
-1.2,1.2,0,0.010731551796197891,2.311302661895752,1.384320616722107,0.0,0.0,0.0
-1.2,1.2,0,0.010731551796197891,2.311302661895752,1.384320616722107,0.0,0.0,0.0
-1.2,1.2,0,0.010731551796197891,2.311302661895752,1.384320616722107,0.0,0.0,0.0
-1.2,1.2,0,0.010731551796197891,2.311302661895752,1.384320616722107,0.0,0.0,0.0
-1.2,1.2,0,0.010731551796197891,2.311302661895752,1.384320616722107,0.0,0.0,0.0
-1.2,1.2,0,0.010731551796197891,2.311302661895752,1.384320616722107,0.0,0.0,0.0
-1.2,1.2,0,0.010731551796197891,2.311302661895752,1.384320616722107,0.0,0.0,0.0
-1.2,1.2,0,0.010731551796197891,2.311302661895752,1.384320616722107,0.0,0.0,0.0
-1.2,1.2,0,0.010731551796197891,2.311302661895752,1.384320616722107,0.0,0.0,0.0
-1.2,1.2,0,0.010731551796197891,2.311302661895752,1.384320616722107,0.0,0.0,0.0
-1.2,1.2,0,0.010731551796197891,2.311302661895752,1.384320616722107,0.0,0.0,0.0
-1.2,1.2,0,0.010731551796197891,2.311302661895752,1.384320616722107,0.0,0.0,0.0
-1.2,1.2,0,0.010731551796197891,2.311302661895752,1.384320616722107,0.0,0.0,0.0
-1.2,1.2,0,0.010731551796197891,2.311302661895752,1.384320616722107,0.0,0.0,0.0
-1.2,1.2,0,0.010731551796197891,2.311302661895752,1.384320616722107,0.0,0.0,0.0
-1.2,1.2,0,0.010731551796197891,2.311302661895752,1.384320616722107,0.0,0.0,0.0
-1.2,1.2,0,0.010731551796197891,2.311302661895752,1.384320616722107,0.0,0.0,0.0
-1.2,1.2,0,0.010731551796197891,2.311302661895752,1.384320616722107,0.0,0.0,0.0
-1.2,1.2,0,0.010731551796197891,2.311302661895752,1.384320616722107,0.0,0.0,0.0
-1.2,1.2,0,0.010731551796197891,2.311302661895752,1.384320616722107,0.0,0.0,0.0
-1.2,1.2,0,0.010731551796197891,2.311302661895752,1.384320616722107,0.0,0.0,0.0
-1.2,1.2,0,0.010731551796197891,2.311302661895752,1.384320616722107,0.0,0.0,0.0
-1.2,1.2,0,0.010731551796197891,2.311302661895752,1.384320616722107,0.0,0.0,0.0
-1.2,1.2,0,0.010731551796197891,2.311302661895752,1.384320616722107,0.0,0.0,0.0
-1.2,1.2,0,0.010731551796197891,2.311302661895752,1.384320616722107,0.0,0.0,0.0
-1.2,1.2,0,0.010731551796197891,2.311302661895752,1.384320616722107,0.0,0.0,0.0
-1.2,1.2,0,0.010731551796197891,2.311302661895752,1.384320616722107,0.0,0.0,0.0
-1.2,1.2,0,0.010731551796197891,2.311302661895752,1.384320616722107,0.0,0.0,0.0
-1.2,1.2,0,0.010731551796197891,2.311302661895752,1.384320616722107,0.0,0.0,0.0
-1.2,1.2,0,0.010731551796197891,2.311302661895752,1.384320616722107,0.0,0.0,0.0
-1.2,1.2,0,0.010731551796197891,2.311302661895752,1.384320616722107,0.0,0.0,0.0
-1.2,1.2,0,0.010731551796197891,2.311302661895752,1.384320616722107,0.0,0.0,0.0
-1.2,1.2,0,0.010731551796197891,2.311302661895752,1.384320616722107,0.0,0.0,0.0
-1.2,1.2,0,0.010731551796197891,2.311302661895752,1.384320616722107,0.0,0.0,0.0
-1.2,1.2,0,0.010731551796197891,2.311302661895752,1.384320616722107,0.0,0.0,0.0
-1.2,1.2,0,0.010731551796197891,2.311302661895752,1.384320616722107,0.0,0.0,0.0
-1.2,1.2,0,0.010731551796197891,2.311302661895752,1.384320616722107,0.0,0.0,0.0
-1.2,1.2,0,0.010731551796197891,2.311302661895752,1.384320616722107,0.0,0.0,0.0
-1.2,1.2,0,0.010731551796197891,2.311302661895752,1.384320616722107,0.0,0.0,0.0
-1.2,1.2,0,0.010731551796197891,2.311302661895752,1.384320616722107,0.0,0.0,0.0
-1.2,1.2,0,0.010731551796197891,2.311302661895752,1.384320616722107,0.0,0.0,0.0
-1.2,1.2,0,0.010731551796197891,2.311302661895752,1.384320616722107,0.0,0.0,0.0
-1.2,1.2,0,0.010731551796197891,2.311302661895752,1.384320616722107,0.0,0.0,0.0
-1.2,1.2,0,0.010731551796197891,2.311302661895752,1.384320616722107,0.0,0.0,0.0
-1.2,1.2,0,0.010731551796197891,2.311302661895752,1.384320616722107,0.0,0.0,0.0
-1.2,1.2,0,0.010731551796197891,2.311302661895752,1.384320616722107,0.0,0.0,0.0
-1.2,1.2,0,0.010731551796197891,2.311302661895752,1.384320616722107,0.0,0.0,0.0
-1.2,1.2,0,0.010731551796197891,2.311302661895752,1.384320616722107,0.0,0.0,0.0
-1.2,1.2,0,0.010731551796197891,2.311302661895752,1.384320616722107,0.0,0.0,0.0
-1.2,1.2,0,0.010731551796197891,2.311302661895752,1.384320616722107,0.0,0.0,0.0
-1.2,1.2,0,0.010731551796197891,2.311302661895752,1.384320616722107,0.0,0.0,0.0
-1.2,1.2,0,0.010731551796197891,2.311302661895752,1.384320616722107,0.0,0.0,0.0
-1.2,1.2,0,0.010731551796197891,2.311302661895752,1.384320616722107,0.0,0.0,0.0
-1.2,1.2,0,0.010731551796197891,2.311302661895752,1.384320616722107,0.0,0.0,0.0
-1.2,1.2,0,0.010731551796197891,2.311302661895752,1.384320616722107,0.0,0.0,0.0
-1.2,1.2,0,0.010731551796197891,2.311302661895752,1.384320616722107,0.0,0.0,0.0
-1.2,1.2,0,0.010731551796197891,2.311302661895752,1.384320616722107,0.0,0.0,0.0
-1.2,1.2,0,0.010731551796197891,2.311302661895752,1.384320616722107,0.0,0.0,0.0
-1.2,1.2,0,0.010731551796197891,2.311302661895752,1.384320616722107,0.0,0.0,0.0
-1.2,1.2,0,0.010731551796197891,2.311302661895752,1.384320616722107,0.0,0.0,0.0
-1.2,1.2,0,0.010731551796197891,2.311302661895752,1.384320616722107,0.0,0.0,0.0
-1.2,1.2,0,0.010731551796197891,2.311302661895752,1.384320616722107,0.0,0.0,0.0
-1.2,1.2,0,0.010731551796197891,2.311302661895752,1.384320616722107,0.0,0.0,0.0
-1.2,1.2,0,0.010731551796197891,2.311302661895752,1.384320616722107,0.0,0.0,0.0
-1.2,1.2,0,0.010731551796197891,2.311302661895752,1.384320616722107,0.0,0.0,0.0
-1.2,1.2,0,0.010731551796197891,2.311302661895752,1.384320616722107,0.0,0.0,0.0
-1.2,1.2,0,0.010731551796197891,2.311302661895752,1.384320616722107,0.0,0.0,0.0
-1.2,1.2,0,0.010731551796197891,2.311302661895752,1.384320616722107,0.0,0.0,0.0
-1.2,1.2,0,0.010731551796197891,2.311302661895752,1.384320616722107,0.0,0.0,0.0
-1.2,1.2,0,0.010731551796197891,2.311302661895752,1.384320616722107,0.0,0.0,0.0
-1.2,1.2,0,0.010731551796197891,2.311302661895752,1.384320616722107,0.0,0.0,0.0
-1.2,1.2,0,0.010731551796197891,2.311302661895752,1.384320616722107,0.0,0.0,0.0
-1.2,1.2,0,0.010731551796197891,2.311302661895752,1.384320616722107,0.0,0.0,0.0
-1.2,1.2,0,0.010731551796197891,2.311302661895752,1.384320616722107,0.0,0.0,0.0
-1.2,1.2,0,0.010731551796197891,2.311302661895752,1.384320616722107,0.0,0.0,0.0
-1.2,1.2,0,0.010731551796197891,2.311302661895752,1.384320616722107,0.0,0.0,0.0
-1.2,1.2,0,0.010731551796197891,2.311302661895752,1.384320616722107,0.0,0.0,0.0
-1.2,1.2,0,0.010731551796197891,2.311302661895752,1.384320616722107,0.0,0.0,0.0
-1.2,1.2,0,0.010731551796197891,2.311302661895752,1.384320616722107,0.0,0.0,0.0
-1.2,1.2,0,0.010731551796197891,2.311302661895752,1.384320616722107,0.0,0.0,0.0
-1.2,1.2,0,0.010731551796197891,2.311302661895752,1.384320616722107,0.0,0.0,0.0
-1.2,1.2,0,0.010731551796197891,2.311302661895752,1.384320616722107,0.0,0.0,0.0
-1.2,1.2,0,0.010731551796197891,2.311302661895752,1.384320616722107,0.0,0.0,0.0
-1.2,1.2,0,0.010731551796197891,2.311302661895752,1.384320616722107,0.0,0.0,0.0
-1.2,1.2,0,0.010731551796197891,2.311302661895752,1.384320616722107,0.0,0.0,0.0
-1.2,1.2,0,0.010731551796197891,2.311302661895752,1.384320616722107,0.0,0.0,0.0
-1.2,1.2,0,0.010731551796197891,2.311302661895752,1.384320616722107,0.0,0.0,0.0
-1.2,1.2,0,0.010731551796197891,2.311302661895752,1.384320616722107,0.0,0.0,0.0
-1.2,1.2,0,0.010731551796197891,2.311302661895752,1.384320616722107,0.0,0.0,0.0
-1.2,1.2,0,0.010731551796197891,2.311302661895752,1.384320616722107,0.0,0.0,0.0
-1.2,1.2,0,0.010731551796197891,2.311302661895752,1.384320616722107,0.0,0.0,0.0
-1.2,1.2,0,0.010731551796197891,2.311302661895752,1.384320616722107,0.0,0.0,0.0
-1.2,1.2,0,0.010731551796197891,2.311302661895752,1.384320616722107,0.0,0.0,0.0
-1.2,1.2,0,0.010731551796197891,2.311302661895752,1.384320616722107,0.0,0.0,0.0
-1.2,1.2,0,0.010731551796197891,2.311302661895752,1.384320616722107,0.0,0.0,0.0
-1.2,1.2,0,0.010731551796197891,2.311302661895752,1.384320616722107,0.0,0.0,0.0
-1.2,1.2,0,0.010731551796197891,2.311302661895752,1.384320616722107,0.0,0.0,0.0
-1.2,1.2,0,0.010731551796197891,2.311302661895752,1.384320616722107,0.0,0.0,0.0
-1.2,1.2,0,0.010731551796197891,2.311302661895752,1.384320616722107,0.0,0.0,0.0
-1.8,1.8,0,0.43348684906959534,0.6885946989059448,1.3321571350097656,-0.035951826721429825,-0.6998468637466431,0.145569309592247
-1.8,1.8,0,0.4347131848335266,0.6341126561164856,1.3202546834945679,-0.03456668555736542,-0.6784106492996216,0.12357625365257263
-1.8,1.8,0,0.4155876636505127,0.5397857427597046,1.3368772268295288,-0.07285240292549133,-0.7244577407836914,0.12912613153457642
-1.8,1.8,0,0.44017294049263,0.394779235124588,1.3863307237625122,-0.034579213708639145,-0.8508414626121521,0.20308974385261536
-1.8,1.8,0,0.43979066610336304,0.30932849645614624,1.3953248262405396,-0.03901733458042145,-0.8671633005142212,0.19582317769527435
-1.8,1.8,0,0.4479498267173767,0.25505706667900085,1.3721566200256348,-0.03037838265299797,-0.8276932239532471,0.13616271317005157
-1.8,1.8,0,0.46162229776382446,0.15314239263534546,1.370551586151123,-0.015121763572096825,-0.8644319772720337,0.1139959990978241
-1.8,1.8,0,0.4809594750404358,0.07184403389692307,1.3415716886520386,0.006355637684464455,-0.8595457673072815,0.05082166939973831
-1.8,1.8,0,0.4813005030155182,-0.014992199838161469,1.346339464187622,0.0002325344830751419,-0.4385894536972046,0.022266771644353867
-1.8,1.8,0,0.5058661699295044,-0.051211170852184296,1.341830849647522,0.03711925446987152,-0.48759663105010986,0.02366035431623459
-1.8,1.8,0,0.573395311832428,-0.20308876037597656,1.3201550245285034,0.1328366994857788,-0.6252882480621338,0.0072559211403131485
-1.8,1.8,0,0.614109992980957,-0.36370110511779785,1.2731541395187378,0.1887315809726715,-0.7552935481071472,-0.03340775519609451
-1.8,1.8,0,0.6261820197105408,-0.4555623531341553,1.2396769523620605,0.19792188704013824,-0.7873871326446533,-0.0593450665473938
-1.8,1.8,0,0.6408502459526062,-0.554086446762085,1.1970304250717163,0.20699074864387512,-0.8215745687484741,-0.10056081414222717
-1.8,1.8,0,0.6612409353256226,-0.6426345109939575,1.1555882692337036,0.21925288438796997,-0.836855411529541,-0.14396421611309052
-1.8,1.8,0,0.6659462451934814,-0.701468825340271,1.1480516195297241,0.20228159427642822,-0.8138635754585266,-0.1404903382062912
-1.8,1.8,0,0.6788634061813354,-0.7652904391288757,1.1212798357009888,0.19837619364261627,-0.7911865711212158,-0.16328290104866028
-1.8,1.8,0,0.6870013475418091,-0.8364629745483398,1.1055893898010254,0.18757852911949158,-0.7892600297927856,-0.16893544793128967
-1.8,1.8,0,0.7231611013412476,-0.9101207852363586,1.068489670753479,0.22070929408073425,-0.7873350381851196,-0.20827540755271912
-1.8,1.8,0,0.7597702741622925,-0.9759007096290588,1.0307978391647339,0.24959315359592438,-0.7709799408912659,-0.24476411938667297
-1.8,1.8,0,0.7755707502365112,-1.0019605159759521,1.030383586883545,0.23549003899097443,-0.6921555995941162,-0.2249598205089569
-1.8,1.8,0,0.8089815378189087,-1.0553152561187744,0.9892954230308533,0.25118380784988403,-0.6562713384628296,-0.2685054838657379
-1.8,1.8,0,0.8039267659187317,-1.0631437301635742,1.056951880455017,0.19897735118865967,-0.5724193453788757,-0.15425945818424225
-1.8,1.8,0,0.8650451898574829,-1.095427393913269,1.0263779163360596,0.25657713413238525,-0.5206401944160461,-0.19234971702098846
-1.8,1.8,0,0.904556393623352,-1.1425220966339111,0.993613600730896,0.28135907649993896,-0.498803049325943,-0.2236846387386322
-1.8,1.8,0,0.9593856334686279,-1.164170503616333,0.9681189060211182,0.3218759298324585,-0.4411233067512512,-0.24414388835430145
-1.8,1.8,0,1.0038483142852783,-1.177846074104309,0.9621018171310425,0.3432190418243408,-0.3822949528694153,-0.23209115862846375
-1.8,1.8,0,1.0544673204421997,-1.1794418096542358,0.9622106552124023,0.37121179699897766,-0.31512606143951416,-0.21139977872371674
-1.8,1.8,0,1.1260466575622559,-1.1757231950759888,0.9406915307044983,0.42564648389816284,-0.2456175684928894,-0.22348836064338684
-1.8,1.8,0,1.217107892036438,-1.1365422010421753,0.9412831664085388,0.497291624546051,-0.1383855938911438,-0.20634350180625916
-1.8,1.8,0,1.3007317781448364,-1.0539932250976562,1.0094521045684814,0.5468841195106506,0.00956995040178299,-0.1007453128695488
-1.8,1.8,0,1.3631521463394165,-1.0353296995162964,1.003136396408081,0.5709372162818909,0.07013717293739319,-0.09839589893817902
-1.8,1.8,0,1.4211208820343018,-1.0262081623077393,0.9932073950767517,0.2942180335521698,0.05614769458770752,-0.05009230598807335
-1.8,1.8,0,1.4162033796310425,-0.9911031723022461,0.9964054226875305,0.2695511281490326,0.10791303962469101,-0.0539497435092926
-1.8,1.8,0,1.4393194913864136,-0.8744157552719116,1.028753638267517,0.2201603651046753,0.2557564973831177,-0.0251641646027565
-1.8,1.8,0,1.4590034484863281,-0.8083112239837646,1.0406761169433594,0.19320064783096313,0.322115957736969,-0.015158817172050476
-1.8,1.8,0,1.48018217086792,-0.7385085821151733,1.0407464504241943,0.1700090765953064,0.3879086375236511,-0.02156834490597248
-1.8,1.8,0,1.4995367527008057,-0.6784001588821411,1.0467320680618286,0.15132960677146912,0.4364981949329376,-0.018618276342749596
-1.8,1.8,0,1.5209290981292725,-0.6140881776809692,1.0610871315002441,0.1464654803276062,0.48289942741394043,0.00013566017150878906
-1.8,1.8,0,1.594452977180481,-0.44118762016296387,1.1475207805633545,0.21754524111747742,0.6446530818939209,0.11194733530282974
-1.8,1.8,0,1.6342436075210571,-0.31435978412628174,1.1829696893692017,0.23196624219417572,0.7471649646759033,0.1486174762248993
-1.8,1.8,0,1.6571018695831299,-0.23773589730262756,1.1982501745224,0.1125994473695755,0.3926563262939453,0.07849624007940292
-1.8,1.8,0,1.6571018695831299,-0.23773589730262756,1.1982501745224,0.05629972368478775,0.19632816314697266,0.03924812003970146
-1.8,1.8,0,1.6277648210525513,-0.15908649563789368,1.2150405645370483,-0.016546882688999176,0.2756146788597107,0.033667463809251785
-1.8,1.8,0,1.5938228368759155,-0.017106056213378906,1.2161972522735596,-0.12960807979106903,0.39052021503448486,-0.01965845748782158
-1.8,1.8,0,1.5448874235153198,0.05549176037311554,1.2239947319030762,-0.2520425319671631,0.4128096401691437,-0.06672867387533188
-1.8,1.8,0,1.4837843179702759,0.09211894124746323,1.2573875188827515,-0.3602800965309143,0.4001535475254059,-0.06474000960588455
-1.8,1.8,0,1.4329270124435425,0.1222652718424797,1.2879635095596313,-0.42406561970710754,0.3980956971645355,-0.037420451641082764
-1.8,1.8,0,1.3790862560272217,0.13938301801681519,1.309106707572937,-0.47320467233657837,0.3815680146217346,-0.006963837891817093
-1.8,1.8,0,1.334568977355957,0.14592930674552917,1.2985953092575073,-0.49661701917648315,0.3437526226043701,-0.02232133410871029
-1.8,1.8,0,1.2690211534500122,0.15229342877864838,1.29226815700531,-0.5441980361938477,0.3010826110839844,-0.031311534345149994
-1.8,1.8,0,1.182309865951538,0.15990939736366272,1.302202582359314,-0.6273688077926636,0.2583964765071869,-0.023179683834314346
-1.8,1.8,0,1.0982708930969238,0.1633068025112152,1.3051270246505737,-0.6764271259307861,0.22628217935562134,0.011137399822473526
-1.8,1.8,0,1.002034068107605,0.17880754172801971,1.3316469192504883,-0.7532424926757812,0.21626527607440948,0.0762401819229126
-1.8,1.8,0,0.9115042090415955,0.18536674976348877,1.3392692804336548,-0.8002020120620728,0.1920696347951889,0.10926088690757751
-1.8,1.8,0,0.8219731450080872,0.17866721749305725,1.3358509540557861,-0.8347929120063782,0.14399412274360657,0.10850661247968674
-1.8,1.8,0,0.7288651466369629,0.1794656366109848,1.3164104223251343,-0.8566057085990906,0.1155603751540184,0.0944897010922432
-1.8,1.8,0,0.6334343552589417,0.15019099414348602,1.3240246772766113,-0.8967387676239014,0.0393277183175087,0.11504713445901871
-1.8,1.8,0,0.534677267074585,0.15050585567951202,1.3334335088729858,-0.9445986747741699,0.019473373889923096,0.12265327572822571
-1.8,1.8,0,0.4359275996685028,0.13877224922180176,1.3420497179031372,-0.9845361113548279,-0.017608730122447014,0.1231321394443512
-1.8,1.8,0,0.34822481870651245,0.08356373012065887,1.3256309032440186,-0.9792438745498657,-0.11823561787605286,0.09349733591079712
-1.8,1.8,0,0.23280951380729675,0.051839932799339294,1.3076642751693726,-1.0209729671478271,-0.1704387664794922,0.04741045460104942
-1.8,1.8,0,0.06664587557315826,5.9485435485839844e-05,1.3192565441131592,-1.1579577922821045,-0.25224921107292175,0.07706423103809357
-1.8,1.8,0,-0.06913891434669495,-0.049226004630327225,1.3246197700500488,-1.2308318614959717,-0.3184908628463745,0.07999566942453384
-1.8,1.8,0,-0.17053285241127014,-0.11492202430963516,1.3130431175231934,-1.2262704372406006,-0.3961165249347687,0.051652368158102036
-1.8,1.8,0,-0.2331482172012329,-0.18575149774551392,1.3018947839736938,-1.159238576889038,-0.46888259053230286,0.030778098851442337
-1.8,1.8,0,-0.30460429191589355,-0.25296905636787415,1.2971388101577759,-1.1153727769851685,-0.528954029083252,0.021596064791083336
-1.8,1.8,0,-0.372784286737442,-0.31570711731910706,1.2981395721435547,-1.0710567235946655,-0.5748941898345947,0.020678071305155754
-1.8,1.8,0,-0.41569143533706665,-0.3747098743915558,1.29866623878479,-0.9881314039230347,-0.6052863001823425,0.020169436931610107
-1.8,1.8,0,-0.4576745331287384,-0.411986768245697,1.3017239570617676,-0.9102298021316528,-0.6000044345855713,0.020295899361371994
-1.8,1.8,0,-0.5489914417266846,-0.4737049341201782,1.303470492362976,-0.4580542743206024,-0.317179411649704,0.007317445240914822
-1.8,1.8,0,-0.4823405146598816,-0.4634173810482025,1.2816882133483887,-0.3456931710243225,-0.287747323513031,-0.025471419095993042
-1.8,1.8,0,-0.4107773005962372,-0.45162433385849,1.2927908897399902,-0.17711374163627625,-0.21373017132282257,-0.01616903953254223
-1.8,1.8,0,-0.34028160572052,-0.4534420669078827,1.2669875621795654,-0.0257272869348526,-0.16729974746704102,-0.047553159296512604
-1.8,1.8,0,-0.3001934289932251,-0.4527454972267151,1.2485020160675049,0.0650656521320343,-0.12783537805080414,-0.06943412125110626
-1.8,1.8,0,-0.29185062646865845,-0.4647553861141205,1.2410591840744019,0.05089510977268219,-0.05618130788207054,-0.039710935205221176
-1.8,1.8,0,-0.29185062646865845,-0.4647553861141205,1.2410591840744019,0.0,0.0,0.0
-1.8,1.8,0,-0.29185062646865845,-0.4647553861141205,1.2410591840744019,0.0,0.0,0.0
-1.8,1.8,0,-0.29185062646865845,-0.4647553861141205,1.2410591840744019,0.0,0.0,0.0
-1.8,1.8,0,-0.29185062646865845,-0.4647553861141205,1.2410591840744019,0.0,0.0,0.0
-1.8,1.8,0,-0.29185062646865845,-0.4647553861141205,1.2410591840744019,0.0,0.0,0.0
-1.8,1.8,0,-0.29185062646865845,-0.4647553861141205,1.2410591840744019,0.0,0.0,0.0
-1.8,1.8,0,-0.29185062646865845,-0.4647553861141205,1.2410591840744019,0.0,0.0,0.0
-1.8,1.8,0,-0.29185062646865845,-0.4647553861141205,1.2410591840744019,0.0,0.0,0.0
-1.8,1.8,0,-0.29185062646865845,-0.4647553861141205,1.2410591840744019,0.0,0.0,0.0
-1.8,1.8,0,-0.29185062646865845,-0.4647553861141205,1.2410591840744019,0.0,0.0,0.0
-1.8,1.8,0,-0.29185062646865845,-0.4647553861141205,1.2410591840744019,0.0,0.0,0.0
-1.8,1.8,0,-0.29185062646865845,-0.4647553861141205,1.2410591840744019,0.0,0.0,0.0
-1.8,1.8,0,-0.29185062646865845,-0.4647553861141205,1.2410591840744019,0.0,0.0,0.0
-1.8,1.8,0,-0.29185062646865845,-0.4647553861141205,1.2410591840744019,0.0,0.0,0.0
-1.8,1.8,0,-0.29185062646865845,-0.4647553861141205,1.2410591840744019,0.0,0.0,0.0
-1.8,1.8,0,-0.29185062646865845,-0.4647553861141205,1.2410591840744019,0.0,0.0,0.0
-1.8,1.8,0,-0.29185062646865845,-0.4647553861141205,1.2410591840744019,0.0,0.0,0.0
-1.8,1.8,0,-0.29185062646865845,-0.4647553861141205,1.2410591840744019,0.0,0.0,0.0
-1.8,1.8,0,-0.29185062646865845,-0.4647553861141205,1.2410591840744019,0.0,0.0,0.0
-1.8,1.8,0,-0.27934572100639343,-0.4427320063114166,1.2469302415847778,0.015472156926989555,0.026321997866034508,0.013059775345027447
-1.8,1.8,0,-0.2521618604660034,-0.38472792506217957,1.2592623233795166,0.04684843868017197,0.0914628654718399,0.04365772753953934
-1.8,1.8,0,-0.19906620681285858,-0.3490390181541443,1.2820780277252197,0.10520832985639572,0.12083815783262253,0.10023949295282364
-1.8,1.8,0,-0.15881597995758057,-0.342068076133728,1.2900993824005127,0.14562232792377472,0.11551312357187271,0.12868358194828033
-1.8,1.8,0,-0.1217983067035675,-0.33162644505500793,1.2939969301223755,0.1788278967142105,0.11218907684087753,0.1556871384382248
0,2.4,7,-0.17351743578910828,1.9963229894638062,0.8380183577537537,0.0,0.0,0.0
0,2.4,7,-0.17351743578910828,1.9963229894638062,0.8380183577537537,0.0,0.0,0.0
0,2.4,7,-0.17351743578910828,1.9963229894638062,0.8380183577537537,0.0,0.0,0.0
0,2.4,7,-0.17351743578910828,1.9963229894638062,0.8380183577537537,0.0,0.0,0.0
0,2.4,7,-0.17351743578910828,1.9963229894638062,0.8380183577537537,0.0,0.0,0.0
0,2.4,7,-0.17351743578910828,1.9963229894638062,0.8380183577537537,0.0,0.0,0.0
0,2.4,7,-0.17351743578910828,1.9963229894638062,0.8380183577537537,0.0,0.0,0.0
0,2.4,7,-0.17351743578910828,1.9963229894638062,0.8380183577537537,0.0,0.0,0.0
0,2.4,7,-0.17351743578910828,1.9963229894638062,0.8380183577537537,0.0,0.0,0.0
0,2.4,7,-0.17351743578910828,1.9963229894638062,0.8380183577537537,0.0,0.0,0.0
0,2.4,7,-0.17351743578910828,1.9963229894638062,0.8380183577537537,0.0,0.0,0.0
0,2.4,7,-0.17351743578910828,1.9963229894638062,0.8380183577537537,0.0,0.0,0.0
0,2.4,7,-0.17351743578910828,1.9963229894638062,0.8380183577537537,0.0,0.0,0.0
0,2.4,7,-0.17351743578910828,1.9963229894638062,0.8380183577537537,0.0,0.0,0.0
0,2.4,7,-0.17351743578910828,1.9963229894638062,0.8380183577537537,0.0,0.0,0.0
0,2.4,7,-0.17351743578910828,1.9963229894638062,0.8380183577537537,0.0,0.0,0.0
0,2.4,7,-0.17351743578910828,1.9963229894638062,0.8380183577537537,0.0,0.0,0.0
0,2.4,7,-0.17351743578910828,1.9963229894638062,0.8380183577537537,0.0,0.0,0.0
0,2.4,7,-0.17351743578910828,1.9963229894638062,0.8380183577537537,0.0,0.0,0.0
0,2.4,7,-0.17351743578910828,1.9963229894638062,0.8380183577537537,0.0,0.0,0.0
0,2.4,7,-0.17351743578910828,1.9963229894638062,0.8380183577537537,0.0,0.0,0.0
0,2.4,7,-0.17351743578910828,1.9963229894638062,0.8380183577537537,0.0,0.0,0.0
0,2.4,7,-0.17351743578910828,1.9963229894638062,0.8380183577537537,0.0,0.0,0.0
0,2.4,7,-0.17351743578910828,1.9963229894638062,0.8380183577537537,0.0,0.0,0.0
0,2.4,7,-0.17351743578910828,1.9963229894638062,0.8380183577537537,0.0,0.0,0.0
0,2.4,7,-0.17351743578910828,1.9963229894638062,0.8380183577537537,0.0,0.0,0.0
0,2.4,7,-0.17351743578910828,1.9963229894638062,0.8380183577537537,0.0,0.0,0.0
0,2.4,7,-0.17351743578910828,1.9963229894638062,0.8380183577537537,0.0,0.0,0.0
0,2.4,7,-0.17351743578910828,1.9963229894638062,0.8380183577537537,0.0,0.0,0.0
0,2.4,7,-0.17351743578910828,1.9963229894638062,0.8380183577537537,0.0,0.0,0.0
0,2.4,7,-0.17351743578910828,1.9963229894638062,0.8380183577537537,0.0,0.0,0.0
0,2.4,7,-0.17351743578910828,1.9963229894638062,0.8380183577537537,0.0,0.0,0.0
0,2.4,7,-0.17351743578910828,1.9963229894638062,0.8380183577537537,0.0,0.0,0.0
0,2.4,7,-0.17351743578910828,1.9963229894638062,0.8380183577537537,0.0,0.0,0.0
0,2.4,7,-0.17351743578910828,1.9963229894638062,0.8380183577537537,0.0,0.0,0.0
0,2.4,7,-0.17351743578910828,1.9963229894638062,0.8380183577537537,0.0,0.0,0.0
0,2.4,7,-0.17351743578910828,1.9963229894638062,0.8380183577537537,0.0,0.0,0.0
0,2.4,7,-0.17351743578910828,1.9963229894638062,0.8380183577537537,0.0,0.0,0.0
0,2.4,7,-0.17351743578910828,1.9963229894638062,0.8380183577537537,0.0,0.0,0.0
0,2.4,7,-0.17351743578910828,1.9963229894638062,0.8380183577537537,0.0,0.0,0.0
0,2.4,7,-0.17351743578910828,1.9963229894638062,0.8380183577537537,0.0,0.0,0.0
0,2.4,7,-0.17351743578910828,1.9963229894638062,0.8380183577537537,0.0,0.0,0.0
0,2.4,7,-0.17351743578910828,1.9963229894638062,0.8380183577537537,0.0,0.0,0.0
0,2.4,7,-0.17351743578910828,1.9963229894638062,0.8380183577537537,0.0,0.0,0.0
0,2.4,7,-0.17351743578910828,1.9963229894638062,0.8380183577537537,0.0,0.0,0.0
0,2.4,7,-0.17351743578910828,1.9963229894638062,0.8380183577537537,0.0,0.0,0.0
0,2.4,7,-0.17351743578910828,1.9963229894638062,0.8380183577537537,0.0,0.0,0.0
0,2.4,7,-0.17351743578910828,1.9963229894638062,0.8380183577537537,0.0,0.0,0.0
0,2.4,7,-0.17351743578910828,1.9963229894638062,0.8380183577537537,0.0,0.0,0.0
0,2.4,7,-0.17351743578910828,1.9963229894638062,0.8380183577537537,0.0,0.0,0.0
0,2.4,7,-0.17351743578910828,1.9963229894638062,0.8380183577537537,0.0,0.0,0.0
0,2.4,7,-0.17351743578910828,1.9963229894638062,0.8380183577537537,0.0,0.0,0.0
0,2.4,7,-0.17351743578910828,1.9963229894638062,0.8380183577537537,0.0,0.0,0.0
0,2.4,7,-0.17351743578910828,1.9963229894638062,0.8380183577537537,0.0,0.0,0.0
0,2.4,7,-0.17351743578910828,1.9963229894638062,0.8380183577537537,0.0,0.0,0.0
0,2.4,7,-0.17351743578910828,1.9963229894638062,0.8380183577537537,0.0,0.0,0.0
0,2.4,7,-0.17351743578910828,1.9963229894638062,0.8380183577537537,0.0,0.0,0.0
0,2.4,7,-0.17351743578910828,1.9963229894638062,0.8380183577537537,0.0,0.0,0.0
0,2.4,7,-0.17351743578910828,1.9963229894638062,0.8380183577537537,0.0,0.0,0.0
0,2.4,7,-0.17351743578910828,1.9963229894638062,0.8380183577537537,0.0,0.0,0.0
0,2.4,7,-0.17351743578910828,1.9963229894638062,0.8380183577537537,0.0,0.0,0.0
0,2.4,7,-0.17351743578910828,1.9963229894638062,0.8380183577537537,0.0,0.0,0.0
0,2.4,7,-0.17351743578910828,1.9963229894638062,0.8380183577537537,0.0,0.0,0.0
0,2.4,7,-0.17351743578910828,1.9963229894638062,0.8380183577537537,0.0,0.0,0.0
0,2.4,7,-0.17351743578910828,1.9963229894638062,0.8380183577537537,0.0,0.0,0.0
0,2.4,7,-0.17351743578910828,1.9963229894638062,0.8380183577537537,0.0,0.0,0.0
0,2.4,7,-0.17351743578910828,1.9963229894638062,0.8380183577537537,0.0,0.0,0.0
0,2.4,7,-0.17351743578910828,1.9963229894638062,0.8380183577537537,0.0,0.0,0.0
0,2.4,7,-0.17351743578910828,1.9963229894638062,0.8380183577537537,0.0,0.0,0.0
0,2.4,7,-0.17351743578910828,1.9963229894638062,0.8380183577537537,0.0,0.0,0.0
0,2.4,7,-0.17351743578910828,1.9963229894638062,0.8380183577537537,0.0,0.0,0.0
0,2.4,7,-0.17351743578910828,1.9963229894638062,0.8380183577537537,0.0,0.0,0.0
0,2.4,7,-0.17351743578910828,1.9963229894638062,0.8380183577537537,0.0,0.0,0.0
0,2.4,7,-0.17351743578910828,1.9963229894638062,0.8380183577537537,0.0,0.0,0.0
0,2.4,7,-0.17351743578910828,1.9963229894638062,0.8380183577537537,0.0,0.0,0.0
0,2.4,7,-0.17351743578910828,1.9963229894638062,0.8380183577537537,0.0,0.0,0.0
0,2.4,7,-0.17351743578910828,1.9963229894638062,0.8380183577537537,0.0,0.0,0.0
0,2.4,7,-0.17351743578910828,1.9963229894638062,0.8380183577537537,0.0,0.0,0.0
0,2.4,7,-0.17351743578910828,1.9963229894638062,0.8380183577537537,0.0,0.0,0.0
0,2.4,7,-0.17351743578910828,1.9963229894638062,0.8380183577537537,0.0,0.0,0.0
0,2.4,7,-0.17351743578910828,1.9963229894638062,0.8380183577537537,0.0,0.0,0.0
0,2.4,7,-0.17351743578910828,1.9963229894638062,0.8380183577537537,0.0,0.0,0.0
0,2.4,7,-0.17351743578910828,1.9963229894638062,0.8380183577537537,0.0,0.0,0.0
0,2.4,7,-0.17351743578910828,1.9963229894638062,0.8380183577537537,0.0,0.0,0.0
0,2.4,7,-0.17351743578910828,1.9963229894638062,0.8380183577537537,0.0,0.0,0.0
0,2.4,7,-0.17351743578910828,1.9963229894638062,0.8380183577537537,0.0,0.0,0.0
0,2.4,7,-0.17351743578910828,1.9963229894638062,0.8380183577537537,0.0,0.0,0.0
0,2.4,7,-0.17351743578910828,1.9963229894638062,0.8380183577537537,0.0,0.0,0.0
0,2.4,7,-0.17351743578910828,1.9963229894638062,0.8380183577537537,0.0,0.0,0.0
0,2.4,7,-0.17351743578910828,1.9963229894638062,0.8380183577537537,0.0,0.0,0.0
0,2.4,7,-0.17351743578910828,1.9963229894638062,0.8380183577537537,0.0,0.0,0.0
0,2.4,7,-0.17351743578910828,1.9963229894638062,0.8380183577537537,0.0,0.0,0.0
0,2.4,7,-0.17351743578910828,1.9963229894638062,0.8380183577537537,0.0,0.0,0.0
0,2.4,7,-0.17351743578910828,1.9963229894638062,0.8380183577537537,0.0,0.0,0.0
0,2.4,7,-0.17351743578910828,1.9963229894638062,0.8380183577537537,0.0,0.0,0.0
0,2.4,7,-0.17351743578910828,1.9963229894638062,0.8380183577537537,0.0,0.0,0.0
0,2.4,7,-0.17351743578910828,1.9963229894638062,0.8380183577537537,0.0,0.0,0.0
0,2.4,7,-0.17351743578910828,1.9963229894638062,0.8380183577537537,0.0,0.0,0.0
0,2.4,7,-0.17351743578910828,1.9963229894638062,0.8380183577537537,0.0,0.0,0.0
0,2.4,7,-0.17351743578910828,1.9963229894638062,0.8380183577537537,0.0,0.0,0.0
1.8,1.8,0,-1.5677820444107056,-0.4704989492893219,1.2435922622680664,-0.19543904066085815,1.0138401985168457,-0.14872561395168304
1.8,1.8,0,-1.5594006776809692,-0.3711872398853302,1.2280516624450684,-0.14301465451717377,1.0411251783370972,-0.14682884514331818
1.8,1.8,0,-1.5673596858978271,-0.2668249309062958,1.2045263051986694,-0.11332670599222183,1.0735104084014893,-0.15606087446212769
1.8,1.8,0,-1.5774879455566406,-0.15755949914455414,1.188912272453308,-0.044620171189308167,0.5558992624282837,-0.07811012119054794
1.8,1.8,0,-1.5599631071090698,-0.08154149353504181,1.2639365196228027,-0.07893556356430054,0.6731417179107666,0.04886583238840103
1.8,1.8,0,-1.547115445137024,0.027711836621165276,1.2940683364868164,-0.09207460284233093,0.7421424984931946,0.1156109869480133
1.8,1.8,0,-1.5654067993164062,0.08010579645633698,1.292534351348877,-0.12442685663700104,0.7338687181472778,0.12570849061012268
1.8,1.8,0,-1.5749059915542603,0.15602199733257294,1.302384853363037,-0.1326904147863388,0.7451393604278564,0.13780872523784637
1.8,1.8,0,-1.5745946168899536,0.2141188085079193,1.3188884258270264,-0.11844263225793839,0.7242621779441833,0.146275594830513
1.8,1.8,0,-1.5405993461608887,0.24592582881450653,1.33596932888031,-0.046663686633110046,0.6484202742576599,0.13569925725460052
1.8,1.8,0,-1.5120295286178589,0.27482208609580994,1.3396328687667847,0.012989070266485214,0.5789720416069031,0.109667107462883
1.8,1.8,0,-1.5104349851608276,0.3325223922729492,1.3508416414260864,0.00945042073726654,0.28751689195632935,0.05725419893860817
1.8,1.8,0,-1.5104349851608276,0.3325223922729492,1.3508416414260864,0.00472521036863327,0.14375844597816467,0.028627099469304085
1.8,1.8,0,-1.5104349851608276,0.3325223922729492,1.3508416414260864,0.002362605184316635,0.07187922298908234,0.014313549734652042
1.8,1.8,0,-1.5104349851608276,0.3325223922729492,1.3508416414260864,0.0,0.0,0.0
1.8,1.8,0,-1.5104349851608276,0.3325223922729492,1.3508416414260864,0.0,0.0,0.0
1.8,1.8,0,-1.5104349851608276,0.3325223922729492,1.3508416414260864,0.0,0.0,0.0
1.8,1.8,0,-1.5104349851608276,0.3325223922729492,1.3508416414260864,0.0,0.0,0.0
1.8,1.8,0,-1.5104349851608276,0.3325223922729492,1.3508416414260864,0.0,0.0,0.0
1.8,1.8,0,-1.5104349851608276,0.3325223922729492,1.3508416414260864,0.0,0.0,0.0
1.8,1.8,0,-1.5104349851608276,0.3325223922729492,1.3508416414260864,0.0,0.0,0.0
1.8,1.8,0,-1.5104349851608276,0.3325223922729492,1.3508416414260864,0.0,0.0,0.0
1.8,1.8,0,-1.5104349851608276,0.3325223922729492,1.3508416414260864,0.0,0.0,0.0
1.8,1.8,0,-1.5104349851608276,0.3325223922729492,1.3508416414260864,0.0,0.0,0.0
1.8,1.8,0,-1.5140109062194824,0.3345029652118683,1.3500173091888428,-0.007037551607936621,0.004939930979162455,0.0022506993263959885
1.8,1.8,0,-1.4985169172286987,0.3196157217025757,1.39207124710083,-0.0036899130791425705,-0.00184996472671628,0.06211687624454498
1.8,1.8,0,-1.4819293022155762,0.320113867521286,1.4362379312515259,0.0010399320162832737,0.0071539380587637424,0.12085175514221191
1.8,1.8,0,-1.4682713747024536,0.31567928194999695,1.4967695474624634,-0.007170204073190689,0.015158156864345074,0.20456534624099731
1.8,1.8,0,-1.451277494430542,0.3355112671852112,1.4997841119766235,0.019061338156461716,0.028012504801154137,0.18454311788082123
1.8,1.8,0,-1.4474717378616333,0.335279256105423,1.5237210988998413,0.01824210025370121,0.027812689542770386,0.2027522772550583
1.8,1.8,0,-1.45564603805542,0.326435923576355,1.5310524702072144,-0.0016710087656974792,0.020301425829529762,0.20998366177082062
1.8,1.8,0,-1.4854737520217896,0.34155401587486267,1.5118061304092407,-0.04401937127113342,0.03834249824285507,0.19134794175624847
1.8,1.8,0,-1.5164036750793457,0.3342980742454529,1.4787389039993286,-0.08730144798755646,0.031924039125442505,0.16103896498680115
1.8,1.8,0,-1.5263983011245728,0.3369182348251343,1.4792966842651367,-0.10473189502954483,0.03536595031619072,0.1634271889925003
1.8,1.8,0,-1.554885983467102,0.3160492181777954,1.465203046798706,-0.14006264507770538,0.015388362109661102,0.15012669563293457
1.8,1.8,0,-1.5656453371047974,0.3307175040245056,1.4718735218048096,-0.14997044205665588,0.03071741759777069,0.15326663851737976
1.8,1.8,0,-1.5811741352081299,0.33392590284347534,1.4876203536987305,-0.08030310273170471,0.016725042834877968,0.08083590120077133
1.8,1.8,0,-1.5701878070831299,0.3424704372882843,1.4405986070632935,-0.05606115609407425,0.02146555483341217,0.020169034600257874
1.8,1.8,0,-1.5517370700836182,0.35310128331184387,1.392552137374878,-0.007014952600002289,0.02360348589718342,-0.05510678142309189
1.8,1.8,0,-1.5050405263900757,0.3344438672065735,1.3733799457550049,0.06178904324769974,-0.0026797130703926086,-0.08869878947734833
1.8,1.8,0,-1.422808289527893,0.42484766244888306,1.278870940208435,0.16129496693611145,0.08339628577232361,-0.19717998802661896
1.8,1.8,0,-1.3717353343963623,0.47998809814453125,1.2287530899047852,0.19660325348377228,0.13938234746456146,-0.22874532639980316
1.8,1.8,0,-1.3174521923065186,0.48950982093811035,1.2109348773956299,0.23554567992687225,0.14728185534477234,-0.22263771295547485
1.8,1.8,0,-1.2517235279083252,0.5154829621315002,1.2269693613052368,0.29857000708580017,0.17242136597633362,-0.1822456568479538
1.8,1.8,0,-1.1966904401779175,0.5206723213195801,1.231276512145996,0.34280046820640564,0.17071624100208282,-0.15494966506958008
1.8,1.8,0,-1.1172707080841064,0.54924476146698,1.2446846961975098,0.4102320075035095,0.201051265001297,-0.10846298187971115
1.8,1.8,0,-1.0406662225723267,0.5561445951461792,1.2580469846725464,0.47155311703681946,0.19789810478687286,-0.0679796040058136
1.8,1.8,0,-0.981600821018219,0.5775587558746338,1.2557023763656616,0.5099905729293823,0.21032260358333588,-0.05987301468849182
1.8,1.8,0,-0.9148417115211487,0.5984852910041809,1.257577896118164,0.554244875907898,0.2207569032907486,-0.04611080884933472
1.8,1.8,0,-0.8521140813827515,0.64113450050354,1.2431782484054565,0.5883124470710754,0.2581082284450531,-0.056993819773197174
1.8,1.8,0,-0.7775910496711731,0.6564178466796875,1.2483792304992676,0.6336959004402161,0.2560650706291199,-0.04045335203409195
1.8,1.8,0,-0.6622541546821594,0.75019770860672,1.2263364791870117,0.7293456196784973,0.34503087401390076,-0.06923775374889374
1.8,1.8,0,-0.5514599084854126,0.7906943559646606,1.2008051872253418,0.803261935710907,0.35639044642448425,-0.09831833839416504
1.8,1.8,0,-0.4501489996910095,0.830894410610199,1.1730518341064453,0.859122097492218,0.3691887855529785,-0.12664057314395905
1.8,1.8,0,-0.36938047409057617,0.8673871159553528,1.1478391885757446,0.8849758505821228,0.37565362453460693,-0.15323886275291443
1.8,1.8,0,-0.26817867159843445,0.9329704642295837,1.1402175426483154,0.9486622214317322,0.43729639053344727,-0.14451274275779724
1.8,1.8,0,-0.19014517962932587,1.005812168121338,1.1007698774337769,0.9634170532226562,0.4975309669971466,-0.1778363734483719
1.8,1.8,0,-0.16663730144500732,1.0544254779815674,1.068895936012268,0.8971254229545593,0.5232370495796204,-0.1980481743812561
1.8,1.8,0,-0.10653412342071533,1.0800546407699585,1.0759209394454956,0.8879511952400208,0.5145692229270935,-0.16998784244060516
1.8,1.8,0,-0.09333297610282898,1.1019682884216309,1.0710960626602173,0.8059478998184204,0.5040580630302429,-0.15284502506256104
1.8,1.8,0,-0.023294076323509216,1.1457138061523438,1.0622259378433228,0.8105552792549133,0.5144495368003845,-0.1470584273338318
1.8,1.8,0,0.058746498078107834,1.198012351989746,1.0473476648330688,0.41512808203697205,0.2657601535320282,-0.07525244355201721
1.8,1.8,0,0.058746498078107834,1.198012351989746,1.0473476648330688,0.20756404101848602,0.1328800767660141,-0.037626221776008606
1.8,1.8,0,0.058746498078107834,1.198012351989746,1.0473476648330688,0.10378202050924301,0.06644003838300705,-0.018813110888004303
1.8,1.8,0,0.058746498078107834,1.198012351989746,1.0473476648330688,0.0,0.0,0.0
1.8,1.8,0,0.058746498078107834,1.198012351989746,1.0473476648330688,0.0,0.0,0.0
1.8,1.8,0,0.058746498078107834,1.198012351989746,1.0473476648330688,0.0,0.0,0.0
1.8,1.8,0,0.058746498078107834,1.198012351989746,1.0473476648330688,0.0,0.0,0.0
1.8,1.8,0,0.058746498078107834,1.198012351989746,1.0473476648330688,0.0,0.0,0.0
1.8,1.8,0,0.058746498078107834,1.198012351989746,1.0473476648330688,0.0,0.0,0.0
1.8,1.8,0,0.058746498078107834,1.198012351989746,1.0473476648330688,0.0,0.0,0.0
1.8,1.8,0,0.014710724353790283,1.1980222463607788,1.075118064880371,-0.05357515811920166,0.016011808067560196,0.04096779227256775
1.8,1.8,0,0.009176119230687618,1.1997355222702026,1.0793914794921875,0.0,0.0,0.0
1.8,1.8,0,-0.049544524401426315,1.1796950101852417,1.1208240985870361,-0.07566333562135696,0.00010820478200912476,0.06583250313997269
1.8,1.8,0,-0.1139199435710907,1.168443202972412,1.1489168405532837,-0.15588274598121643,0.011801470071077347,0.11551062762737274
1.8,1.8,0,-0.21886220574378967,1.15188467502594,1.181846261024475,-0.2870331108570099,0.03504299744963646,0.18632245063781738
1.8,1.8,0,-0.26192644238471985,1.165801763534546,1.1953206062316895,-0.32770511507987976,0.07878893613815308,0.21944677829742432
1.8,1.8,0,-0.29985007643699646,1.183579444885254,1.2162449359893799,-0.3552357256412506,0.1105489581823349,0.24433209002017975
1.8,1.8,0,-0.351182222366333,1.2306729555130005,1.1884015798568726,-0.39862871170043945,0.17035841941833496,0.20164652168750763
1.8,1.8,0,-0.38767462968826294,1.250689148902893,1.1993316411972046,-0.4115077257156372,0.1844024509191513,0.20067575573921204
1.8,1.8,0,-0.41046658158302307,1.258570671081543,1.231359601020813,-0.3985149562358856,0.17726117372512817,0.2228957563638687
1.8,1.8,0,-0.4334394931793213,1.3067587614059448,1.226590633392334,-0.3895045816898346,0.2276020050048828,0.19986675679683685
1.8,1.8,0,-0.4554130733013153,1.3326772451400757,1.2501745223999023,-0.3763713836669922,0.24050123989582062,0.21099384129047394
1.8,1.8,0,-0.4641624689102173,1.4005683660507202,1.2331562042236328,-0.34283068776130676,0.2966082692146301,0.16111020743846893
1.8,1.8,0,-0.4280698597431183,1.4276087284088135,1.2709003686904907,-0.2458835393190384,0.2975677251815796,0.19054608047008514
1.8,1.8,0,-0.3840222954750061,1.475694179534912,1.2797825336456299,-0.14745628833770752,0.319784015417099,0.1774289608001709
1.8,1.8,0,-0.3693709075450897,1.5358757972717285,1.2736482620239258,-0.10051116347312927,0.3543081283569336,0.14429853856563568
1.8,1.8,0,-0.33848506212234497,1.5909706354141235,1.2925328016281128,-0.03710829094052315,0.38540104031562805,0.14998453855514526
1.8,1.8,0,-0.30109214782714844,1.5981361865997314,1.363013744354248,0.03021388128399849,0.36377063393592834,0.2215096354484558
1.8,1.8,0,-0.2635759711265564,1.6356500387191772,1.384333610534668,0.09243953227996826,0.3608981966972351,0.21556523442268372
1.8,1.8,0,-0.2559567391872406,1.6754646301269531,1.3903748989105225,0.10898811370134354,0.36163970828056335,0.19105607271194458
1.8,1.8,0,-0.2448236048221588,1.7109503746032715,1.4074152708053589,0.12738767266273499,0.36394405364990234,0.18655595183372498
1.8,1.8,0,-0.23203891515731812,1.7460092306137085,1.4273276329040527,0.14546611905097961,0.3665952682495117,0.1865655779838562
1.8,1.8,0,-0.21200865507125854,1.7825729846954346,1.4412729740142822,0.17042146623134613,0.36705905199050903,0.17793354392051697
1.8,1.8,0,-0.19464512169361115,1.8298115730285645,1.4568884372711182,0.18886058032512665,0.3834197223186493,0.17479203641414642
1.8,1.8,0,-0.19176417589187622,1.8816769123077393,1.4597970247268677,0.18770253658294678,0.39364171028137207,0.1512187272310257
1.8,1.8,0,-0.172098770737648,1.9213670492172241,1.4748235940933228,0.10280288755893707,0.20008036494255066,0.07465644925832748
1.8,1.8,0,-0.172098770737648,1.9213670492172241,1.4748235940933228,0.051401443779468536,0.10004018247127533,0.03732822462916374
1.8,1.8,0,-0.172098770737648,1.9213670492172241,1.4748235940933228,0.0,0.0,0.0
1.8,1.8,0,-0.172098770737648,1.9213670492172241,1.4748235940933228,0.0,0.0,0.0
